{
  "manifest": {
    "publishingInformation": {
      "locales": {
        "en-US": {
          "summary": "Es una skill que te registrar la glucosa",
          "examplePhrases": [
            "Alexa abre el repositorio",
            "hola",
            "ayuda"
          ],
          "keywords": [
            "repositorio",
            "enfermedades"
          ],
          "name": "Repositorio RVEC",
          "description": "registras glucosa , informacion, recordatorios",
          "smallIconUri": "file://assets/images/en-US_smallIconUri.png",
          "largeIconUri": "file://assets/images/en-US_largeIconUri.png"
        },
        "es-MX": {
          "summary": "Es una skill que te registrar la glucosa",
          "examplePhrases": [
            "Alexa abre el repositorio",
            "hola",
            "ayuda"
          ],
          "keywords": [
            "repositorio",
            "enfermedades"
          ],
          "name": "Repositorio RVEC",
          "description": "registras glucosa , informacion, recordatorios",
          "smallIconUri": "file://assets/images/es-MX_smallIconUri.png",
          "largeIconUri": "file://assets/images/es-MX_largeIconUri.png"
        }
      },
      "automaticDistribution": {
        "isActive": false
      },
      "isAvailableWorldwide": false,
      "testingInstructions": "{\"ask_dist_username\":\"\",\"ask_dist_password\":\"\",\"ask_dist_testing_instructions\":\"Repositorio virtual \"}",
      "category": "SCHOOLS",
      "distributionMode": "PUBLIC",
      "distributionCountries": [
        "MX"
      ]
    },
    "apis": {
      "custom": {
        "endpoint": {
          "uri": "arn:aws:lambda:us-east-1:550233794462:function:b0aeedcc-bf89-4d1a-b023-96fca476a061:Release_0"
        },
        "interfaces": [
          {
            "supportedViewports": [
              {
                "minHeight": 540,
                "mode": "TV",
                "shape": "RECTANGLE",
                "maxHeight": 540,
                "minWidth": 960,
                "maxWidth": 960
              },
              {
                "minHeight": 100,
                "mode": "HUB",
                "shape": "ROUND",
                "maxHeight": 599,
                "minWidth": 100,
                "maxWidth": 599
              },
              {
                "minHeight": 600,
                "mode": "HUB",
                "shape": "RECTANGLE",
                "maxHeight": 959,
                "minWidth": 960,
                "maxWidth": 1279
              },
              {
                "minHeight": 600,
                "mode": "HUB",
                "shape": "RECTANGLE",
                "maxHeight": 1279,
                "minWidth": 1280,
                "maxWidth": 1920
              },
              {
                "minHeight": 100,
                "mode": "HUB",
                "shape": "RECTANGLE",
                "maxHeight": 599,
                "minWidth": 960,
                "maxWidth": 1279
              },
              {
                "minHeight": 960,
                "mode": "HUB",
                "shape": "RECTANGLE",
                "maxHeight": 1279,
                "minWidth": 1920,
                "maxWidth": 2560
              },
              {
                "minHeight": 1920,
                "mode": "HUB",
                "shape": "RECTANGLE",
                "maxHeight": 2560,
                "minWidth": 960,
                "maxWidth": 1279
              },
              {
                "minHeight": 320,
                "mode": "MOBILE",
                "shape": "RECTANGLE",
                "maxHeight": 1920,
                "minWidth": 600,
                "maxWidth": 959
              },
              {
                "minHeight": 320,
                "mode": "MOBILE",
                "shape": "RECTANGLE",
                "maxHeight": 1920,
                "minWidth": 960,
                "maxWidth": 1279
              },
              {
                "minHeight": 320,
                "mode": "MOBILE",
                "shape": "RECTANGLE",
                "maxHeight": 1920,
                "minWidth": 1280,
                "maxWidth": 1920
              }
            ],
            "type": "ALEXA_PRESENTATION_APL"
          }
        ],
        "locales": {},
        "regions": {
          "EU": {
            "endpoint": {
              "uri": "arn:aws:lambda:eu-west-1:550233794462:function:b0aeedcc-bf89-4d1a-b023-96fca476a061:Release_0"
            }
          },
          "NA": {
            "endpoint": {
              "uri": "arn:aws:lambda:us-east-1:550233794462:function:b0aeedcc-bf89-4d1a-b023-96fca476a061:Release_0"
            }
          },
          "FE": {
            "endpoint": {
              "uri": "arn:aws:lambda:us-west-2:550233794462:function:b0aeedcc-bf89-4d1a-b023-96fca476a061:Release_0"
            }
          }
        }
      }
    },
    "manifestVersion": "1.0",
    "permissions": [
      {
        "name": "alexa::profile:given_name:read"
      },
      {
        "name": "alexa::alerts:reminders:skill:readwrite"
      }
    ],
    "privacyAndCompliance": {
      "allowsPurchases": false,
      "locales": {
        "en-US": {
          "termsOfUseUrl": "https://drive.google.com/file/d/1GSnRxidn-tJ_AGG_thhalX0PuqL_SCMp/view?usp\u003dsharing",
          "privacyPolicyUrl": "https://drive.google.com/file/d/1tNsfQnqkZ2ZAbzBhUGLtqca74vPYDrWj/view?usp\u003dsharing"
        },
        "es-MX": {
          "termsOfUseUrl": "https://drive.google.com/file/d/1GSnRxidn-tJ_AGG_thhalX0PuqL_SCMp/view?usp\u003dsharing",
          "privacyPolicyUrl": "https://drive.google.com/file/d/1tNsfQnqkZ2ZAbzBhUGLtqca74vPYDrWj/view?usp\u003dsharing"
        }
      },
      "containsAds": false,
      "isExportCompliant": true,
      "isChildDirected": false,
      "shoppingKit": {
        "isShoppingActionsEnabled": false,
        "isAmazonAssociatesOnAlexaEnabled": false
      },
      "usesPersonalInfo": false
    }
  }
}