{
  "interactionModel": {
    "dialog": {
      "intents": [
        {
          "slots": [
            {
              "name": "glucosa",
              "elicitationRequired": true,
              "type": "AMAZON.NUMBER",
              "confirmationRequired": false,
              "prompts": {
                "elicitation": "Elicit.Slot.1617806982551.42911701244"
              }
            },
            {
              "name": "name",
              "elicitationRequired": false,
              "type": "AMAZON.SearchQuery",
              "confirmationRequired": false,
              "prompts": {}
            }
          ],
          "name": "GlucosaIntent",
          "confirmationRequired": false,
          "prompts": {}
        }
      ],
      "delegationStrategy": "ALWAYS"
    },
    "languageModel": {
      "intents": [
        {
          "name": "AMAZON.CancelIntent",
          "samples": []
        },
        {
          "name": "AMAZON.HelpIntent",
          "samples": [
            "what are you doing",
            "aid"
          ]
        },
        {
          "name": "AMAZON.StopIntent",
          "samples": [
            "bye bye",
            "for",
            "arrest"
          ]
        },
        {
          "name": "AMAZON.NavigateHomeIntent",
          "samples": []
        },
        {
          "slots": [
            {
              "name": "enfermedad",
              "type": "AMAZON.SearchQuery"
            }
          ],
          "name": "InformationEnfermedadesIntent",
          "samples": [
            "show information about {enfermedad}",
            "show me information about {enfermedad}",
            "give me information about the {enfermedad}",
            "give me information about the {enfermedad}",
            "give me information about the {enfermedad}",
            "give me information about the {enfermedad}",
            "what do you know about {enfermedad}",
            "what do you know about the {enfermedad}"
          ]
        },
        {
          "slots": [],
          "name": "AccionesIntent",
          "samples": [
            "treatment",
            "What do I do if I have high glucose"
          ]
        },
        {
          "slots": [],
          "name": "MarcoLegalIntent",
          "samples": [
            "what is the legal framework",
            "legal framework"
          ]
        },
        {
          "slots": [
            {
              "name": "glucosa",
              "type": "AMAZON.NUMBER",
              "samples": [
                "{glucosa}"
              ]
            },
            {
              "name": "name",
              "type": "AMAZON.SearchQuery"
            }
          ],
          "name": "GlucosaIntent",
          "samples": [
            "I m {name}",
            "is from {glucosa}",
            "my glucose is from {glucosa}",
            "{glucosa}",
            "my name is {name}",
            "my name is {name}",
            "my glucose is {glucosa}"
          ]
        }
      ],
      "types": [
        {
          "values": [
            {
              "name": {
                "value": "alzheimer"
              }
            },
            {
              "name": {
                "value": "epilepsia"
              }
            },
            {
              "name": {
                "value": "diabetes"
              }
            }
          ],
          "name": "AMAZONENFERMEDADES"
        }
      ],
      "invocationName": "disease repository"
    },
    "prompts": [
      {
        "variations": [
          {
            "type": "PlainText",
            "value": "what is your glucose today?"
          }
        ],
        "id": "Elicit.Slot.1617806982551.42911701244"
      },
      {
        "variations": [
          {
            "type": "PlainText",
            "value": "what\u0027s your name?"
          }
        ],
        "id": "Elicit.Slot.1617806982551.275114943904"
      }
    ]
  }
}