{
  "interactionModel": {
    "dialog": {
      "intents": [
        {
          "slots": [
            {
              "name": "glucosa",
              "elicitationRequired": true,
              "type": "AMAZON.NUMBER",
              "confirmationRequired": false,
              "prompts": {
                "elicitation": "Elicit.Slot.1617806982551.42911701244"
              }
            },
            {
              "name": "name",
              "elicitationRequired": false,
              "type": "AMAZON.SearchQuery",
              "confirmationRequired": false,
              "prompts": {}
            }
          ],
          "name": "GlucosaIntent",
          "confirmationRequired": false,
          "prompts": {}
        },
        {
          "slots": [
            {
              "name": "message",
              "elicitationRequired": true,
              "type": "AMAZON.SearchQuery",
              "confirmationRequired": false,
              "prompts": {
                "elicitation": "Elicit.Slot.1230920719037.523868805123"
              }
            }
          ],
          "name": "RemindmedicineIntent",
          "confirmationRequired": false,
          "prompts": {}
        }
      ],
      "delegationStrategy": "ALWAYS"
    },
    "languageModel": {
      "intents": [
        {
          "name": "AMAZON.CancelIntent",
          "samples": [
            "cierra",
            "hasta luego",
            "para",
            "adios"
          ]
        },
        {
          "name": "AMAZON.HelpIntent",
          "samples": [
            "que haces",
            "ayuda"
          ]
        },
        {
          "name": "AMAZON.StopIntent",
          "samples": [
            "adios",
            "para",
            "detener"
          ]
        },
        {
          "name": "AMAZON.NavigateHomeIntent",
          "samples": []
        },
        {
          "slots": [
            {
              "name": "enfermedad",
              "type": "AMAZON.SearchQuery"
            }
          ],
          "name": "InformacionEnfermedadesIntent",
          "samples": [
            "mostrar informacion sobre {enfermedad}",
            "muestrame informacion sobre {enfermedad}",
            "dame informacion de la {enfermedad}",
            "dame informacion del {enfermedad}",
            "dame información sobre el {enfermedad}",
            "dame información sobre la {enfermedad}",
            "que sabes del {enfermedad}",
            "que sabes de la {enfermedad}"
          ]
        },
        {
          "slots": [],
          "name": "MarcoLegalIntent",
          "samples": [
            "cual es el marco legal",
            "marco legal"
          ]
        },
        {
          "slots": [
            {
              "name": "glucosa",
              "type": "AMAZON.NUMBER",
              "samples": [
                "{glucosa}"
              ]
            },
            {
              "name": "name",
              "type": "AMAZON.SearchQuery"
            }
          ],
          "name": "GlucosaIntent",
          "samples": [
            "soy {name}",
            "es de {glucosa}",
            "mi glucosa es de {glucosa}",
            "{glucosa}",
            "me llamo {name}",
            "mi nombre es {name}",
            "mi glucosa es {glucosa}"
          ]
        },
        {
          "slots": [
            {
              "name": "message",
              "type": "AMAZON.SearchQuery",
              "samples": [
                "{message}"
              ]
            }
          ],
          "name": "RemindmedicineIntent",
          "samples": [
            "recordatorio",
            "configura un recordatorio",
            "pon un recordatorio",
            "crea un recordatorio",
            "recordatorio para mi medicamento",
            "configura un recordatorio para mi medicamento",
            "recordatorio con el texto {message}",
            "configura un recordatorio con el texto {message}",
            "pon un recordatorio con el texto {message}",
            "crea un recordatorio con el texto {message}",
            "recordatorio con el mensaje {message}",
            "configura un recordatorio con el mensaje {message}",
            "pon un recordatorio con el mensaje {message}",
            "crea un recordatorio con el mensaje {message}",
            "recordatorio con texto {message}",
            "configura un recordatorio con texto {message}",
            "pon un recordatorio con texto {message}",
            "crea un recordatorio con texto {message}",
            "recordatorio con mensaje {message}",
            "configura un recordatorio con mensaje {message}",
            "pon un recordatorio con mensaje {message}",
            "crea un recordatorio con mensaje {message}"
          ]
        }
      ],
      "types": [
        {
          "values": [
            {
              "name": {
                "value": "alzheimer"
              }
            },
            {
              "name": {
                "value": "epilepsia"
              }
            },
            {
              "name": {
                "value": "diabetes"
              }
            }
          ],
          "name": "AMAZONENFERMEDADES"
        }
      ],
      "invocationName": "repositorio de enfermedades"
    },
    "prompts": [
      {
        "variations": [
          {
            "type": "PlainText",
            "value": "cual es tu glucosa del dia de hoy?"
          }
        ],
        "id": "Elicit.Slot.1617806982551.42911701244"
      },
      {
        "variations": [
          {
            "type": "PlainText",
            "value": "cual es tu nombre?"
          }
        ],
        "id": "Elicit.Slot.1617806982551.275114943904"
      },
      {
        "variations": [
          {
            "type": "PlainText",
            "value": "Vale. Dime por favor el mensaje para el recordatorio"
          },
          {
            "type": "PlainText",
            "value": "Genial. Ahora dime el mensaje a leer cuando se active el recordatorio"
          },
          {
            "type": "PlainText",
            "value": "Cual es el mensaje para el recordatorio"
          }
        ],
        "id": "Elicit.Slot.1230920719037.523868805123"
      }
    ]
  }
}