{"type":"APL","version":"2023.1","license":"Copyright 2023 Amazon.com, Inc. or its affiliates. All Rights Reserved.\nSPDX-License-Identifier: LicenseRef-.amazon.com.-AmznSL-1.0\nLicensed under the Amazon Software License  http://aws.amazon.com/asl/","settings":{},"theme":"dark","import":[{"name":"alexa-layouts","version":"1.7.0"},{"name":"alexa-viewport-profiles","version":"1.6.0"}],"resources":[],"styles":{},"onMount":[],"graphics":{},"commands":{},"layouts":{},"mainTemplate":{"parameters":["mensaje"],"items":[{"type":"Frame","height":"100%","width":"100%","backgroundColor":"#FFFCF0","items":[{"type":"Container","height":"100%","width":"100%","items":[{"type":"Frame","backgroundColor":"#062504","width":"100%","when":"${@viewportProfile != @hubRoundSmall}","height":"20vh","item":[{"alignItems":"stretch","wrap":"wrap","type":"Container","width":"100%","item":[{"position":"relative","wrap":"wrap","type":"Container","paddingLeft":"30px","width":"85%","items":[{"type":"Text","text":"${mensaje.encabezado}","fontSize":"47px","width":"80%","fontFamily":"montserrat","height":"100%","textAlign":"center","textAlignVertical":"center"}]},{"type":"Container","position":"relative","paddingRight":"40px","wrap":"wrap","width":"50%","item":[{"type":"Image","source":"https://encrypted-tbn2.gstatic.com/images?q=tbn:ANd9GcQh4YeBDAJH_6VYaMYIYNKMjJZQcR2VyDTpgKwAmNcesR5r7Di4","height":"100%","width":"20%"}]}]}]},{"type":"Frame","backgroundColor":"#062504","width":"100%","when":"${@viewportProfile == @hubRoundSmall}","height":"20vh","item":[{"alignItems":"stretch","wrap":"wrap","type":"Container","width":"110%","item":[{"position":"relative","wrap":"wrap","type":"Container","paddingLeft":"30px","width":"85%","items":[{"type":"Text","text":"${mensaje.encabezado}","fontSize":"23px","width":"100%","fontFamily":"montserrat","height":"100%","textAlign":"center","textAlignVertical":"center"}]},{"type":"Container","position":"relative","paddingRight":"40px","wrap":"wrap","width":"40%","item":[{"type":"Image","source":"https://encrypted-tbn2.gstatic.com/images?q=tbn:ANd9GcQh4YeBDAJH_6VYaMYIYNKMjJZQcR2VyDTpgKwAmNcesR5r7Di4","height":"40%","width":"20%"}]}]}]},{"type":"Container","direction":"column","height":"60vh","when":"${@viewportProfile == @hubRoundSmall}","items":[{"type":"Text","text":"${mensaje.titulo}","fontSize":"30dp","paddingTop":"10dp","textAlign":"center","color":"#000000"},{"type":"Image","source":"https://i.ibb.co/XpW3SGZ/advertencia.png","align":"center","alignSelf":"center","paddingLeft":"20dp","width":200,"height":250}]},{"type":"Container","direction":"row","height":"60vh","paddingTop":"20dp","when":"${@viewportProfile == @hubLandscapeSmall}","items":[{"type":"Text","text":"${mensaje.msj}","fontSize":"30dp","textAlign":"start","paddingLeft":"30dp","color":"#000000","height":"100%","width":"65%"},{"type":"Image","source":"https://i.ibb.co/XpW3SGZ/advertencia.png","align":"center","alignSelf":"center","paddingLeft":"40dp","width":300,"height":300}]},{"type":"Container","direction":"row","paddingTop":"10dp","when":"${@viewportProfile == @hubLandscapeMedium}","items":[{"type":"Text","text":"${mensaje.msj}","fontSize":"35dp","textAlign":"start","paddingLeft":"30dp","color":"#000000","height":"100%","width":"60%"},{"type":"Image","source":"https://i.ibb.co/XpW3SGZ/advertencia.png","align":"center","alignSelf":"center","width":400,"height":300}]},{"type":"Container","direction":"column","paddingTop":"50dp","when":"${@viewportProfile == @hubPortraitMedium}","items":[{"type":"Text","text":"${mensaje.msj}","fontSize":"55dp","textAlign":"start","paddingLeft":"30dp","color":"#000000","height":"30%","width":"100%"},{"type":"Image","source":"https://i.ibb.co/XpW3SGZ/advertencia.png","align":"center","alignSelf":"center","paddingTop":"80dp","width":600,"height":600}]},{"type":"Container","direction":"row","height":"60vh","when":"${@viewportProfile == @hubLandscapeLarge}","paddingTop":"50dp","items":[{"type":"Text","when":"${@viewportProfile == @hubLandscapeLarge}","text":"${mensaje.msj}","fontSize":"45dp","textAlign":"start","paddingLeft":"50dp","color":"#000000","height":"100%","width":"60%"},{"type":"Image","source":"https://i.ibb.co/XpW3SGZ/advertencia.png","width":500,"height":350,"align":"center","alignSelf":"center"}]},{"type":"Container","direction":"row","paddingTop":"50dp","when":"${@viewportProfile == @hubLandscapeXLarge}","items":[{"type":"Text","text":"${mensaje.msj}","fontSize":"55dp","textAlign":"start","paddingLeft":"60dp","color":"#000000","height":"100%","width":"60%"},{"type":"Image","source":"https://i.ibb.co/XpW3SGZ/advertencia.png","align":"center","alignSelf":"center","padding":"30dp","width":800,"height":600}]},{"type":"Frame","when":"${@viewportProfile != @hubRoundSmall}","backgroundColor":"green","height":"20vh","opacity":0.9,"item":[{"type":"Container","width":"100%","item":[{"type":"Text","text":"${mensaje.footer}","textAlign":"center","fontSize":"35dp","padding":"10px"}]}]},{"type":"Frame","backgroundColor":"green","when":"${@viewportProfile == @hubRoundSmall}","height":"20vh","opacity":0.9,"item":[{"type":"Container","width":"80%","paddingLeft":"100","item":[{"type":"Text","text":"${mensaje.footer}","textAlign":"center","fontSize":"18dp","padding":"5px"}]}]}]}]}]}}