{"type":"APL","version":"2023.2","license":"Copyright 2023 Amazon.com, Inc. or its affiliates. All Rights Reserved.\nSPDX-License-Identifier: LicenseRef-.amazon.com.-AmznSL-1.0\nLicensed under the Amazon Software License  http://aws.amazon.com/asl/","settings":{},"theme":"dark","import":[],"resources":[],"styles":{},"onMount":[],"graphics":{},"commands":{},"layouts":{},"mainTemplate":{"parameters":["payload"],"items":[{"type":"Container","height":"100vh","width":"100%","item":[{"type":"Frame","backgroundColor":"green","when":"${@viewportProfile != @hubRoundSmall}","width":"100%","height":"20vh","item":[{"alignItems":"stretch","wrap":"wrap","type":"Container","width":"100%","item":[{"position":"relative","wrap":"wrap","type":"Container","paddingLeft":"30px","width":"85%","items":[{"type":"Text","text":"Repositorio de enfermedades","fontSize":"60px","width":"80%","fontFamily":"montserrat","height":"100%","textAlign":"center","textAlignVertical":"center"}]},{"type":"Container","position":"relative","paddingRight":"40px","wrap":"wrap","width":"50%","item":[{"type":"Image","source":"https://encrypted-tbn2.gstatic.com/images?q=tbn:ANd9GcQh4YeBDAJH_6VYaMYIYNKMjJZQcR2VyDTpgKwAmNcesR5r7Di4","height":"100%","width":"20%"}]}]}]},{"type":"Frame","backgroundColor":"green","width":"100%","height":"20vh","item":[{"alignItems":"stretch","wrap":"wrap","when":"${@viewportProfile == @hubRoundSmall}","type":"Container","width":"80%","item":[{"position":"relative","wrap":"wrap","type":"Container","paddingLeft":"100px","width":"85%","items":[{"type":"Text","text":"Repositorio de enfermedades","fontSize":"25px","width":"100%","fontFamily":"montserrat","height":"100%","textAlign":"center","textAlignVertical":"center"}]},{"type":"Container","position":"relative","wrap":"wrap","width":"40%","item":[{"type":"Image","source":"https://encrypted-tbn2.gstatic.com/images?q=tbn:ANd9GcQh4YeBDAJH_6VYaMYIYNKMjJZQcR2VyDTpgKwAmNcesR5r7Di4","height":"100%","width":"20%"}]}]}]},{"type":"Frame","when":"${@viewportProfile != @hubRoundSmall}","backgroundColor":"#FFFCF0","height":"60vh","opacity":0.9,"item":[{"type":"Container","width":"100%","item":[{"type":"Text","text":"Bienvenido al Repositorio RVEC, puedo brindarte información sobre las enfermedades, crear recordatorio y registrar tu glucosa. Primero dime, ¿Cuál es tu nombre?","textAlign":"center","fontSize":"50px","color":"#000","padding":"100px"}]}]},{"type":"Frame","when":"${@viewportProfile == @hubRoundSmall}","backgroundColor":"#FFFCF0","height":"60vh","opacity":0.9,"item":[{"type":"Container","width":"100%","item":[{"type":"Text","text":"Bienvenido al Repositorio RVEC, puedo brindarte información sobre las enfermedades, crear recordatorio y registrar tu glucosa. Primero dime, ¿Cuál es tu nombre?","textAlign":"center","fontSize":"25px","color":"#000","padding":"50px"}]}]},{"type":"Frame","when":"${@viewportProfile != @hubRoundSmall}","backgroundColor":"green","height":"20vh","opacity":0.9,"item":[{"type":"Container","width":"100%","item":[{"type":"Text","text":"Puedes decirme ''muéstrame información sobre diabetes'' o ''crear recordatorio de medicación''. ","textAlign":"center","padding":"20px","fontSize":"50px","paddingLeft":"100px","paddingRight":"100px"}]}]},{"type":"Frame","when":"${@viewportProfile == @hubRoundSmall}","backgroundColor":"green","height":"20vh","opacity":0.9,"item":[{"type":"Container","width":"100%","item":[{"type":"Text","text":"Puedes decirme ''muéstrame información sobre diabetes'' o ''crear recordatorio de medicación''. ","textAlign":"center","padding":"15px","fontSize":"16px","paddingLeft":"100px","paddingRight":"100px"}]}]}]}]}}